URL,Status,RedirectTarget,ActionNeeded
"/service/utility-scale-wind-farms","200 OK","",""
"/newsletter/ai-data-center-infrastructure","301 Redirect","/newsletters/ai-data-center-infrastructure",""
"/service/utility-scale-battery-storage","200 OK","",""
"/service/mep-engineering","200 OK","",""
"/privacy-policy","200 OK","",""
"/legal-disclaimer","200 OK","",""
"/terms-and-conditions","200 OK","",""
"/service/nerc-compliance","200 OK","",""
"/blog","200 OK","",""
"/service/owners-engineer","200 OK","",""
"/services/power-system-studies/protective-device-coordination-studies","301 Redirect","/service/power-system-studies/protective-device-coordination-studies",""
"/engineering-services-faqs","301 Redirect","/service/software-capabilities-faqs",""
"/industries","200 OK","",""
"/services","200 OK","",""
"","200 OK","",""
"/post-a-review","301 Redirect","/contact",""
"/contact","200 OK","",""
"/service/utility-scale-solar-farms","200 OK","",""
"/about","200 OK","",""
"/service/poi-interconnection-engineering-support","200 OK","",""
"/ieee-2800-compliance-operational-planning-services","200 OK","",""
"/newsletter/navigating-nerc-compliance-in-the-era-of-inverter-based-resources","301 Redirect","/newsletters/navigating-nerc-compliance-in-the-era-of-inverter-based-resources",""
"/service/power-system-studies/grounding-system-studies","200 OK","",""
"/service/power-system-studies/transmission-planning-studies","200 OK","",""
"/thank-you","200 OK","",""
"/nerc-alert-level-3-ibr","200 OK","",""
"/service/substation-design","200 OK","",""
"/service/power-system-studies/harmonic-analysis-power-systems","200 OK","",""
"/service/power-system-studies","200 OK","",""
"/newsletter/february-2026-ai-data-centers-grid-reliability","301 Redirect","/newsletters/february-2026-ai-data-centers-grid-reliability",""
"/service/power-system-studies/short-circuit-analysis-power-system","200 OK","",""
"/power-system-study-case-studies","200 OK","",""
"/category-2-nerc-compliance-services-ibr","200 OK","",""
"/software-capabilities-faqs","301 Redirect","/service/software-capabilities-faqs",""
"/service/nuclear-power-plant","200 OK","",""
"/power-system-study-process","200 OK","",""
"/service/power-system-studies/load-flow-analysis-services","200 OK","",""
"/newsletter/march-2026-nerc-grid-reliability-updates","301 Redirect","/newsletters/march-2026-nerc-grid-reliability-updates",""
"/industries/data-center-electrical","200 OK","",""
"/clients-and-projects","200 OK","",""
"/newsletter/nerc-compliance-bess","301 Redirect","/newsletters/nerc-compliance-bess",""
"/newsletter/bess-growth-grid-reliability-compliance-2026","301 Redirect","/newsletters/bess-growth-grid-reliability-compliance-2026",""
"/newsletter/ercot-energy-market-update-july-2026","301 Redirect","/newsletters/ercot-energy-market-update-2026",""
"/substation-engineering-case-studies","301 Redirect","/substation-design-power-system-case-studies",""
"/substation-grounding-design-guide","200 OK","",""
"/capacitor-banks-power-factor-correction-guide","200 OK","",""
"/on-load-vs-off-circuit-tap-changers-guide","200 OK","",""
"/puct-generating-capacity-report-form-w-pclr-guide","200 OK","",""
"/pgrr144-batch-zero-batch-1-dynamic-model-rules-ercot","200 OK","",""
"/ercot-pclr-batch-zero-guide","200 OK","",""
"/delta-star-transformer-zero-sequence-earth-fault","200 OK","",""
"/gas-insulated-substations-industrial-utility-power","200 OK","",""
"/nuclear-power-plant-internal-electrical-systems","200 OK","",""
"/gis-substation-safety-guide","200 OK","",""
"/injection-withdrawal-studies-guide","200 OK","",""
"/spp-hillga-process","200 OK","",""
"/8760-withdrawal-study-bess-sizing","200 OK","",""
"/sel-rtac-protection-monitoring","200 OK","",""
"/electrical-protection-relay-coordination-hyperscale-data-centers","200 OK","",""
"/utility-scale-bess-design-ercot-modeling","200 OK","",""
"/battery-energy-storage-system-components","200 OK","",""
"/medium-voltage-switchgear-data-centers-guide","200 OK","",""
"/grid-forming-inverters","200 OK","",""
"/ercot-generator-interconnection-process-guide","200 OK","",""
"/substation-primary-design-guide","200 OK","",""
"/pjm-rulebook-markets-governance-interconnection","200 OK","",""
"/gigawatt-scale-loads-grid-interconnection","200 OK","",""
"/ercot-bess-interconnection-guide","200 OK","",""
"/scada-field-services-substation-architecture","200 OK","",""
"/ieee-standards-power-engineering","200 OK","",""
"/data-center-concepts-design","200 OK","",""
"/iec-61850-scada-engineering","200 OK","",""
"/prc-028-substation-compliance-guide","200 OK","",""
"/power-system-protection-relaying-scada","200 OK","",""
"/spp-hill-process-guide","200 OK","",""
"/ehv-gis-substation-interlocking-guide","200 OK","",""
"/nerc-large-loads-action-plan","200 OK","",""
"/ai-data-center-power-infrastructure","200 OK","",""
"/ccpp-electrical-design-engineering-30-60-90-ifc","200 OK","",""
"/data-center-emt-modeling-grid-interconnection","200 OK","",""
"/winigs-grounding-analysis-solar-projects","200 OK","",""
"/power-system-resilience-metrics-guide","200 OK","",""
"/ercot-batch-zero-guide-large-load-interconnection","200 OK","",""
"/prc-028-nogrr255-dfr-compliance","200 OK","",""
"/pjm-emt-guidelines","200 OK","",""
"/real-time-emt","200 OK","",""
"/transformer-testing-guide","200 OK","",""
"/substation-protection-fundamentals","200 OK","",""
"/utility-scale-solar-interconnection","200 OK","",""
"/data-center-design-guide","200 OK","",""
"/transmission-line-design-30-percent-to-ifc","200 OK","",""
"/supply-chain-grid-interconnection","200 OK","",""
"/pss-e-python-automation-guide","200 OK","",""
"/centerpoint-energy-data-center","200 OK","",""
"/switching-overvoltage-studies-pscad-emtdc","200 OK","",""
"/concurrent-emtdc-parallel-simulation","200 OK","",""
"/substation-electrical-design-process","200 OK","",""
"/pjm-expedited-interconnection-track-eit","200 OK","",""
"/interconnection-cost-estimation","200 OK","",""
"/power-system-resilience-metrics","200 OK","",""
"/synchronous-condenser-protection","200 OK","",""
"/pscad-black-box-independent-c-code","200 OK","",""
"/transmission-line-modeling-pscad","200 OK","",""
"/how-data-centers-work","200 OK","",""
"/data-center-electrical-design","200 OK","",""
"/thermal-management-chilled-water-containment","200 OK","",""
"/power-siting-feasibility-study","200 OK","",""
"/data-center-site-viability","200 OK","",""
"/connecting-to-the-grid-under-ieee-2800","200 OK","",""
"/medium-voltage-interconnection-engineering","200 OK","",""
"/generation-injection-large-load-withdrawal","200 OK","",""
"/caiso-appendix-h-compliance","200 OK","",""
"/owners-engineer-services-bess-substations","200 OK","",""
"/nerc-compliance-generator-owners","200 OK","",""
"/power-system-switching-duties","200 OK","",""
"/nyiso-interconnection-study-large-loads","200 OK","",""
"/ercot-ride-through-requirements","200 OK","",""
"/cable-ampacity-sizing","200 OK","",""
"/nerc-large-loads-grid-reliability","200 OK","",""
"/tva-interconnection-queue-lgip","200 OK","",""
"/iso-ne-interconnection-guide","200 OK","",""
"/bpa-interconnection-model-requirements","200 OK","",""
"/modern-substation-programming","200 OK","",""
"/nerc-large-loads-guide","200 OK","",""
"/utility-scale-generators-guide","200 OK","",""
"/floating-nuclear-data-centers","200 OK","",""
"/pjm-large-load-interconnection","200 OK","",""
"/small-modular-reactors-data-centers","200 OK","",""
"/7ha-gas-turbine","200 OK","",""
"/large-load-interconnection-requirements","200 OK","",""
"/psse-automation-python-cli","200 OK","",""
"/practical-guidance-large-load-interconnections","200 OK","",""
"/ercot-dynamic-model-submission-requirements","200 OK","",""
"/230kv-gis-substation-engineering-analysis","200 OK","",""
"/byog-clr-and-wlpun-explained-how-ercot-is-rewiring-the-grid-for-ai-data-centers","200 OK","",""
"/bess-design-engineering-for-data-centers-and-utility-scale-deployments-sizing-selection-and-operation","200 OK","",""
"/batch-zero-ercot-large-load","200 OK","",""
"/ieee-2800-ride-through-requirements","200 OK","",""
"/cdegs-grounding-analysis","200 OK","",""
"/der-hosting-capacity","200 OK","",""
"/ercot-dynamics-modeling-guide","200 OK","",""
"/grid-forming-control-oscillation-damping","200 OK","",""
"/large-load-interconnection-data-centers","200 OK","",""
"/power-system-resource-adequacy","200 OK","",""
"/nerc-ibr-compliance","200 OK","",""
"/nerc-large-load-compliance","200 OK","",""
"/ercot-large-load-interconnection-rules","200 OK","",""
"/texas-energy-system-ercot","200 OK","",""
"/transmission-injection-studies","200 OK","",""
"/aspen-oneliner-relay-coordination","200 OK","",""
"/battery-storage-financing-guide","200 OK","",""
"/caiso-interconnection-ipe","200 OK","",""
"/us-grid-code-droop-control-ffr-bess","200 OK","",""
"/pjm-cycle-1-storage-grid","200 OK","",""
"/sel-2240-axion-rtac","200 OK","",""
"/ferc-order-2023-reform","200 OK","",""
"/pjm-dynamic-models","200 OK","",""
"/advanced-transmission-line-design-services","200 OK","",""
"/pjm-nextgen-application-guide","200 OK","",""
"/dc-supply-selection-schemes-protection-reliability","200 OK","",""
"/generator-protection-control-engineering","200 OK","",""
"/utility-scale-solar-testing","200 OK","",""
"/rms-vs-emt-simulation-pscad-guide","200 OK","",""
"/pscad-modeling-power-system-studies","200 OK","",""
"/ercot-parameter-verification-report-guide","200 OK","",""
"/power-substation-lifecycle-guide","200 OK","",""
"/nerc-mod-032-2-compliance-der-modeling","200 OK","",""
"/from-scada-to-smart-substations-sas-solutions","200 OK","",""
"/primary-injection-testing-ct-commissioning","200 OK","",""
"/aspen-power-system-analysis","200 OK","",""
"/miso-planning-modeling-manual-guide","200 OK","",""
"/ercot-data-modeling-requirements-2026-guide","200 OK","",""
"/pjm-interconnection-reforms","200 OK","",""
"/ercot-short-circuit-case-building-v2","200 OK","",""
"/substation-schematic-analysis-mistakes","200 OK","",""
"/emt-modeling-data-centers-grid-stability-ai","200 OK","",""
"/large-load-modeling-grid-reliability","200 OK","",""
"/ercot-interconnection-surge-ai-load","200 OK","",""
"/advanced-power-system-studies-der-grid-modeling","200 OK","",""
"/mod-026-2-compliance-dynamic-model-validation","200 OK","",""
"/pjm-first-use-rule-removal-ferc-order-2222","200 OK","",""
"/sst-modeling-psse-pscad-data-centers","200 OK","",""
"/data-center-design-grid-reliability","200 OK","",""
"/cpc-substation-protection-control","200 OK","",""
"/flexgeb-smart-grid-buildings","200 OK","",""
"/digital-substation-challenges-iec-61850-cybersecurity","200 OK","",""
"/nerc-bal-007-1-energy-reliability-era","200 OK","",""
"/nerc-standards-2026-bal-007-ibr-cip-compliance","200 OK","",""
"/transformer-failure-analysis-root-cause","200 OK","",""
"/substation-testing-lifecycle-fat-vs-sat","200 OK","",""
"/sel-pmu-synchrophasor-guide","200 OK","",""
"/synchrophasor-pmu-wams-grid-monitoring-guide","200 OK","",""
"/large-load-integration-grid-reliability-data-centers","200 OK","",""
"/large-load-grid-reliability","200 OK","",""
"/power-system-fault-analysis-disturbance-recording","200 OK","",""
"/gis-post-installation-testing-substation-commissioning","200 OK","",""
"/substation-maintenance-best-practices","200 OK","",""
"/tpl-008-1-transmission-planning-standard","200 OK","",""
"/substation-automation-systems-digital-substations","200 OK","",""
"/power-system-protection-substation-design","200 OK","",""
"/sel-351s-feeder-protection-relay","200 OK","",""
"/sel-351s-nerc-prc-compliance","200 OK","",""
"/nerc-prc-012-2-compliance-solar-wind-bess","200 OK","",""
"/ferc-order-1920-explained","200 OK","",""
"/nerc-february-2026-event-calendar","200 OK","",""
"/slug scada-system-design-renewable-collector-substations","Excluded by client","","Intentionally retain old broken URL"
"/power-plant-commissioning-lessons","200 OK","",""
"/hv-substation-construction","200 OK","",""
"/grid-integration-baseload-power-plants","200 OK","",""
"/iec-61439-switchgear","200 OK","",""
"/fac-008-5-facility-ratings-nerc-compliance-engineering-guide","200 OK","",""
"/nyiso-grid-interconnection-modeling","200 OK","",""
"/power-system-studies-grid-integration","200 OK","",""
"/ieee-2025-substation-design","200 OK","",""
"/nerc-compliance-substations-rtac-dfrs-clocks-protection-devices","200 OK","",""
"/prc-024-3-vs-prc-029-1-ibr-compliance-2026","200 OK","",""
"/global-grid-scale-bess-market-2026-deployment-trends","200 OK","",""
"/harmonized-emt-modeling-western-grid","200 OK","",""
"/pgrr-144-large-load-dynamic-modeling","200 OK","",""
"/sel-3555-2-rtac-substation-scada-design","200 OK","",""
"/five-phenomena-collapse-entire-power-system","200 OK","",""
"/owners-engineer-services","200 OK","",""
"/wecc-modeling-requirements","200 OK","",""
"/harmonic-distortion-power-systems","200 OK","",""
"/as-built-vs-construction-drawings","200 OK","",""
"/bim-substation-design","200 OK","",""
"/ercot-pgrr-085-dynamic-model-improvements","200 OK","",""
"/data-centers-large-loads-reshaping-us-power-grid","200 OK","",""
"/virtual-power-plants-energy-storage-grid-resilience-2026","200 OK","",""
"/utility-scale-battery-energy-storage-700-mwh-alliant-energy-midwest","200 OK","",""
"/substation-secondary-systems-design-best-practices","200 OK","",""
"/ai-data-centers-us-grid-impact","200 OK","",""
"/virtual-power-plants-grid-2026","200 OK","",""
"/nyiso-interconnection-modeling-guidelines-explained-a-comprehensive-engineering-guide","200 OK","",""
"/ai-data-centers-grid-regulation","200 OK","",""
"/electrical-systems-in-nuclear-power-plants-design-safety-and-compliance-considerations","200 OK","",""
"/ferc-rm22-12-000-order-no-901-explained-engineering-modeling-and-compliance-implications-for-the-bulk-power-system","200 OK","",""
"/category-2-ibr-registration-compliance-guide","200 OK","",""
"/prc-029-1-applicability-key-dates-generator-owners","200 OK","",""
"/ibr-registration-initiative-category-2-go-gop-guide","200 OK","",""
"/winter-reliability-assessment-compliance","200 OK","",""
"/lifecycle-management-of-t-d-switchgear-using-condition-monitoring-data","200 OK","",""
"/methods-for-identifying-the-frequency-response-of-voltage-measurement-systems","200 OK","",""
"/reevaluation-of-ieee-and-iec-substation-design-standards-under-increasing-fault-current-levels","200 OK","",""
"/pjm-d-curve-reactive-capability-testing-ibr","200 OK","",""
"/guidelines-for-using-real-code-in-emt-models-for-hvdc-facts-and-inverter-based-resources","200 OK","",""
"/energy-sector-integration-and-its-impact-on-modern-power-grids-a-deep-technical-perspective-based-on-cigre-tb-973","200 OK","",""
"/upcoming-nerc-reliability-standards-2026-2028","200 OK","",""
"/ercot-model-quality-tests-mqt-guide","200 OK","",""
"/prc-030-1-event-analysis-and-corrective-actions-for-inverter-based-resources-ibrs","200 OK","",""
"/understanding-iso-nes-dynamics-data-management-system","200 OK","",""
"/iso-ne-ddms-dynamic-modeling","200 OK","",""
"/nerc-compliance-prc-004-6-misoperations-midas-reporting","200 OK","",""
"/nerc-compliance-services-prc-004-6-midas-reporting","200 OK","",""
"/pjm-mod-032-data-submission-process","200 OK","",""
"/utility-scale-bess-ieee-2800-compliance-guide","200 OK","",""
"/nerc-voltage-sensitive-loads","200 OK","",""
"/tesla-4000-poi-frequency-monitoring","200 OK","",""
"/emerging-large-loads-characteristics-and-grid-risks","200 OK","",""
"/comprehensive-power-system-analysis-industrial-reliability-safety","200 OK","",""
"/pscad-modeling-electric-arc-furnaces","200 OK","",""
"/ferroresonance-in-power-systems","200 OK","",""
"/advancing-power-system-design-practices-with-ieee-pes-tr-126","200 OK","",""
"/ieee-2800-compliance-inverter-based-resources","200 OK","",""
"/emt-analysis-power-systems","200 OK","",""
"/nerc-mod-033-1-model-validation","200 OK","",""
"/replus-las-vegas-2025-renewable-energy-keentel","200 OK","",""
"/emt-analysis-services-for-inverter-based-resources","200 OK","",""
"/emt-analysis-in-operational-planning-for-ibrs","200 OK","",""
"/nerc-mod-026-2-generator-model-verification","200 OK","",""
"/ieee-1110-2019-synchronous-generator-modeling-guide","200 OK","",""
"/why-dynamic-models-matter-grid-reliability","200 OK","",""
"/data-center-grid-readiness-engineering-solutions","200 OK","",""
"/ercot-nogrr245-compliance-services","200 OK","",""
"/pvsyst-v8-grid-connected-solar-simulation-guide","200 OK","",""
"/distribution-automation-protective-relaying-solutions","200 OK","",""
"/hil-simulation-simulink-real-time-control-testing","200 OK","",""
"/prc-029-1-nerc-inverter-ride-through-compliance","200 OK","",""
"/prc-0291-nogrr245-ibr-compliance-guide","200 OK","",""
"/nerc-prc-019-compliance-guide","200 OK","",""
"/18-critical-studies-for-substation-engineers","200 OK","",""
"/pv-energy-performance-evaluation","200 OK","",""
"/ieee-2800-2022-ibr-compliance-guide","200 OK","",""
"/ercot-reactive-capability-testing-guide","200 OK","",""
"/ieee-1547-2018-der-interconnection-standards","200 OK","",""
"/ceqa-2023-environmental-compliance-guide","200 OK","",""
"/ieee-c37-123-2023-gis-specifications","200 OK","",""
"/mod-032-2-der-data-collection-guide","200 OK","",""
"/accurate-facility-ratings-ero-best-practices","200 OK","",""
"/nerc-alert-3-ibr-performance-modeling","200 OK","",""
"/advanced-power-system-modeling-guide","200 OK","",""
"/best-practices-in-energy-efficient-data-center-design","200 OK","",""
"/2025-grid-reliability-ibr-compliance-newsletter","200 OK","",""
"/plx82-mnet-61850-gateway-for-nerc-compliant-substations","200 OK","",""
"/sel-synchrophasor-technology-real-time-grid-monitoring-control","200 OK","",""
"/nerc-prc-029-1-ride-through-standard-for-ibrs","200 OK","",""
"/tesla-4000-nerc-prc-028-compliance","200 OK","",""
"/prc-026-compliance-guide-for-transmission-relay-performance-during-stable-power-swings","200 OK","",""
"/grid-codes-and-wind-farms-integration","200 OK","",""
"/fire-electrical-safety-high-voltage-lines","200 OK","",""
"/navigating-nec-changes-2026-2029","200 OK","",""
"/case-studies/grounding-design-ses-resap","200 OK","",""
"/case-study-design-validation-of-a-buck-converter-for-renewable-dc-distribution","200 OK","",""
"/case-studies/industrial-motor-optimization-rectifier-simulation","200 OK","",""
"/case-study-1-dynamic-load-balancing-with-2-level-upfc-in-a-transmission-corridor","200 OK","",""
"/financial-modeling-pjm-transmission-projects","200 OK","",""
"/power-trends-2025-new-york-electric-grid","200 OK","",""
"/dynamic-equivalents-psse-power-system-modeling","200 OK","",""
"/review-of-large-city-metropolitan-area-power-system-development-trends","200 OK","",""
"/nerc-com-modernization-what-engineers-and-grid-operators-need-to-know","200 OK","",""
"/change-management-process-in-power-systems-a-vital-link-between-operations-and-planning","200 OK","",""
"/ensuring-design-stability-in-power-system-projects-best-practices-and-upcoming-nerc-reporting-deadlines","200 OK","",""
"/information-management-for-inverter-based-resources-ibrs-a-technical-guide-for-power-system-operators","200 OK","",""
"/model-accuracy-and-verification-for-emt-and-pspd-simulations-of-inverter-based-resources","200 OK","",""
"/understanding-power-system-stability-through-psse-tsat-and-pscad-emtdc-from-positive-sequence-to-emt-simulations","200 OK","",""
"/why-nerc-compliance-consultants-are-critical-for-safety","200 OK","",""
"/recent-developments-on-nerc-compliance-in-ercot","200 OK","",""
"/gic-mitigation-transformer-thermal-assessment","200 OK","",""
"/transmission-engineering-solutions-in-the-comed-and-pjm-territories-powering-the-future","200 OK","",""
"/pjm-manual-14g-interconnection-services","200 OK","",""
"/accurate-load-forecasting-for-behind-the-meter-ders-the-future-of-smart-energy-management","200 OK","",""
"/nerc-prc-029-1-compliance-for-inverter-based-resources","200 OK","",""
"/osha-269-transient-overvoltage-analysis-mitigation","200 OK","",""
"/benefits-of-substation-design","200 OK","",""
"/gap-analysis-explained","200 OK","",""
"/smart-grid-technology-what-is-it-for","200 OK","",""
"/what-is-arc-flash","200 OK","",""
"/what-are-the-advantages-of-energy-storage","200 OK","",""
"/ways-solar-panels-can-benefit-your-energy-grid","200 OK","",""
"/importance-of-power-system-studies","200 OK","",""
"/all-you-need-to-know-about-grounding-study","200 OK","",""
"/a-guide-to-the-substation-design-process","200 OK","",""
"/the-role-of-an-electrical-engineer-in-utility-scale-battery-storage-projects","200 OK","",""
"/utilizing-facts-technology-to-address-grid-interconnectionissues-for-large-scale-wind-farms","200 OK","",""
"/symmetrical-components-is-a-powerful-technique-used-in-electrical-engineering","200 OK","",""
"/essential-steps-for-commissioning-circuit-breakers","200 OK","",""
"/the-protection-and-control-of-utility-scale-generation-and-transformers-are-critical","200 OK","",""
"/how-can-synchrophasor-technology-be-utilized-for-monitoring-and-controlling-power-system-stability","200 OK","",""
"/designing-and-engineering-a-large-scale-power-plant-involves-several-steps","200 OK","",""
"/load-flow-studies-in-electrical-power-system","200 OK","",""
"/substation-design-in-electrical-power-system","200 OK","",""
"/revolutionizing-the-grid-exploring-energy-storage-system-technologies-and-their-utility-scale-projects","200 OK","",""
"/ensuring-grid-reliability-how-nerc-op-693-compliance-services-benefit-the-energy-sector","200 OK","",""
"/how-many-nerc-standards-are-there","200 OK","",""
"/how-do-electrical-substations-benefit-municipal-utilities","200 OK","",""
"/what-is-the-difference-between-ferc-and-nerc","200 OK","",""
"/how-can-renewable-power-plants-prevent-electrical-grid-failures","200 OK","",""
"/why-is-power-system-analysis-important-for-bess-owners","200 OK","",""
"/how-to-ensure-compliance-with-nerc-op-standards","200 OK","",""
"/why-is-utility-interconnection-critical-for-renewable-power-plants","200 OK","",""
"/ensuring-nerc-prc-029-1-compliance-for-inverter-based-resources","200 OK","",""
"/advanced-dynamic-modeling-for-ercot-compliance","200 OK","",""
"/iso-new-england-op-14-compliance-engineering-services","200 OK","",""
"/pjm-regional-transmission-planning-guide","200 OK","",""
"/large-load-interconnections-western-grid-risks","200 OK","",""
"/how-to-safely-overload-transformers-using-ieee-c57-91-2011-guidelines","200 OK","",""
"/ieee-compliant-ehv-hv-mv-substation-design-services-by-keentel-engineering","200 OK","",""
"/emt-modeling-caiso-compliance-guide","200 OK","",""
"/optimizing-grid-interconnection-compliance-with-pjm-dynamic-modeling-standards","200 OK","",""
"/engineering-responsibilities-of-ibr-generator-owners-under-ieee-std-2800-2022","200 OK","",""
"/keentel-power-pulse-engineering-the-future-of-the-grid-april-2025","200 OK","",""
"/ieee-std-2800-2022-compliance-for-inverter-based-resources-a-practical-guide-for-generator-owners","200 OK","",""
"/pscad-modeling-for-substations-and-renewable-integration","200 OK","",""
"/sel-487e-transformer-protection-keentel","200 OK","",""
"/us-grid-code-compliance-wind-farms-ride-through-reactive-power","200 OK","",""
"/substation-design-power-system-case-studies","200 OK","",""
"/pscad-power-system-studies-case-studies","200 OK","",""
"/commissioning-mv-lv-electrical-systems","200 OK","",""
"/substation-earthing-design-protecting-infrastructure-and-lives","200 OK","",""
"/optimizing-mv-switchgear-design-for-cost-safety-compliance","200 OK","",""
"/ercot-nerc-compliance-services","200 OK","",""
"/pjm-dynamic-modeling-interconnection-case-studies","200 OK","",""
"/difference-between-osha-nec-nfpa-and-nerc-compliance-in-electrical-engineering","200 OK","",""
"/nerc-prc-002-5-and-prc-028-1-compliance-explanation-for-gos-and-tos","200 OK","",""
"/hv-mv-load-flow-studies-faqs","200 OK","",""
"/transmission-line-design-engineering","200 OK","",""
"/nerc-compliance-order-901","200 OK","",""
"/winter-weather-readiness-generating-units","200 OK","",""
"/power-system-study-solutions","200 OK","",""
"/implementing-nec-2023-part-2-code-changes","200 OK","",""
"/white-paper-pscad-power-system-design","200 OK","",""
"/spp-2025-itp-assessment","200 OK","",""
"/nerc-itcs-canada-grid-vulnerabilities-may-2025","200 OK","",""
"/tva-lgip-generator-interconnection-guide","200 OK","",""
"/transmission-line-protection-with-sel-411l","200 OK","",""
"/industry-nerc-news-may-2025","200 OK","",""
"/ieee-c57-standards-substation-design","200 OK","",""
"/230kv-system-impact-study-grid-interconnection","200 OK","",""
"/nerc-level-3-alert-compliance-checklist-for-ibr-generator-owners","200 OK","",""
"/climate-optimized-pv-om","200 OK","",""
"/nerc-inverter-based-resources-ibr-strategy","200 OK","",""
"/relay-modeling-protection-simulation","200 OK","",""
"/guide-to-substation-design-engineering-services","200 OK","",""
"/digital-substation-design-and-automation-with-iec-61850","200 OK","",""
"/gas-insulated-substations-reliable-hv-design","200 OK","",""
"/nerc-ibr-modeling-alert-compliance","200 OK","",""
"/astm-solar-pv-performance-testing","200 OK","",""
"/tpl-008-1-extreme-temperature-transmission-planning","200 OK","",""
"/transmission-engineering-solutions-in-commed-and-pjm-territories","200 OK","",""
"/pjm-manual-14g-interconnections-services","200 OK","",""
"/gic-mitigation-transformer-thermal-assessment-services","200 OK","",""
"/harmonic-studies-offshore-wind-power-systems","200 OK","",""
"/load-flow-reactive-compensation-studies","200 OK","",""
"/accurate-btm-der-load-forecasting-anomaly-detection","200 OK","",""
"/osha-269-tov-compliance-engineering-analysis","200 OK","",""
"/casestudies-poi-interconnection-support","200 OK","",""
"/ses-cdegs-grounding-and-emi-analysis-services","200 OK","",""
"/power-system-modeling-services","200 OK","",""
"/energy-storage-interconnection-nyiso-sir","200 OK","",""
"/cdegs-grounding-emi-lightning-services","200 OK","",""
"/distribution-sub-transmission-bes-interconnection-guide","200 OK","",""
"/hydro-quebec-facility-interconnections","200 OK","",""
"/nerc-prc-029-1-prc-024-4-compliance-services","200 OK","",""
"/nyiso-tei-cluster-study-services","200 OK","",""